Sequence,Cluster
GPX6_level01_chainA(2),1
GPX6_level02_chainA(2),1
GPX6_level03_chainA(2),1
GPX6_level04_chainA(2),1
GPX6_level05_chainA(2),1
GPX6_level06_chainA(2),1
GPX6_level07_chainA(2),1
GPX6_level08_chainA(2),1
GPX6_level09_chainA(2),1
GPX6_level10_chainA(2),1
GPX6_level11_chainA(2),1
GPX6_level12_chainA(2),1
GPX6_level13_chainA(2),1
GPX6_level14_chainA(2),1
GPX6_level15_chainA(2),1
GPX6_level16_chainA(2),1
GPX6_level17_chainA(2),1
GPX6_level18_chainA(2),1
GPX6_level19_chainA(2),1
GPX6_level20_chainA,1
GPX6_level01_chainA,2
GPX6_level02_chainA,2
GPX6_level03_chainA,2
GPX6_level04_chainA,2
GPX6_level05_chainA,2
GPX6_level06_chainA,2
GPX6_level07_chainA,2
GPX6_level08_chainA,2
GPX6_level09_chainA,2
GPX6_level10_chainA,2
GPX6_level11_chainA,2
GPX6_level12_chainA,2
GPX6_level13_chainA,2
GPX6_level14_chainA,2
GPX6_level15_chainA,2
GPX6_level16_chainA,2
GPX6_level17_chainA,2
GPX6_level18_chainA,2
GPX6_level19_chainA,2
node_25,2
