Sequence,Distance_from_node25,Chain_Type,Level
node_25,0.0,Other,-1
GPX6_level01_chainA,0.0720533176,chainA,1
GPX6_level02_chainA,0.0720533176,chainA,2
GPX6_level03_chainA,0.0778170224,chainA,3
GPX6_level04_chainA,0.08361414,chainA,4
GPX6_level05_chainA,0.0894450604,chainA,5
GPX6_level06_chainA,0.0953101798,chainA,6
GPX6_level07_chainA,0.1012099019,chainA,7
GPX6_level09_chainA,0.1012099019,chainA,9
GPX6_level17_chainA,0.1065432479,chainA,17
GPX6_level19_chainA,0.1065432479,chainA,19
GPX6_level10_chainA,0.1071446375,chainA,10
GPX6_level14_chainA,0.1071446375,chainA,14
GPX6_level08_chainA,0.1071446375,chainA,8
GPX6_level16_chainA,0.1071446375,chainA,16
GPX6_level18_chainA,0.1124779834,chainA,18
GPX6_level13_chainA,0.1131148044,chainA,13
GPX6_level15_chainA,0.1131148044,chainA,15
GPX6_level11_chainA,0.1131148044,chainA,11
GPX6_level12_chainA,0.1191208285,chainA,12
GPX6_level04_chainA(2),0.2018661529,chainA(2),4
GPX6_level03_chainA(2),0.2018661529,chainA(2),3
GPX6_level05_chainA(2),0.2018661529,chainA(2),5
GPX6_level02_chainA(2),0.2084668369,chainA(2),2
GPX6_level06_chainA(2),0.2084668369,chainA(2),6
GPX6_level01_chainA(2),0.2084668369,chainA(2),1
GPX6_level08_chainA(2),0.21382878,chainA(2),8
GPX6_level07_chainA(2),0.2151113796,chainA(2),7
GPX6_level09_chainA(2),0.219162126,chainA(2),9
GPX6_level10_chainA(2),0.2244671782,chainA(2),10
GPX6_level12_chainA(2),0.2244671782,chainA(2),12
GPX6_level11_chainA(2),0.231111721,chainA(2),11
GPX6_level13_chainA(2),0.231111721,chainA(2),13
GPX6_level14_chainA(2),0.2378007091,chainA(2),14
GPX6_level15_chainA(2),0.2445347413,chainA(2),15
GPX6_level19_chainA(2),0.2445347413,chainA(2),19
GPX6_level18_chainA(2),0.2513144283,chainA(2),18
GPX6_level20_chainA,0.2513144283,chainA,20
GPX6_level16_chainA(2),0.2513144283,chainA(2),16
GPX6_level17_chainA(2),0.2581403934,chainA(2),17
