Position,Human Cys,Mouse Cys,Distance (Ã…)
3,N,K,17.66
4,R,S,20.34
16,I,V,26.28
22,L,N,22.95
24,L,I,18.51
25,N,D,21.04
27,E,G,26.43
29,Y,F,26.74
30,I,V,26.56
31,Q,N,28.45
33,K,Q,30.95
35,F,Y,28.75
40,V,I,23.80
47,A,S,5.62
48,Y,F,3.84
52,A,T,5.49
54,Q,T,10.42
60,A,T,19.79
67,N,P,30.95
69,G,N,29.45
71,I,T,23.52
74,A,G,14.58
87,T,K,16.84
99,C,R,9.72
102,S,G,18.15
104,F,Y,17.08
107,S,N,20.17
119,E,D,23.63
120,K,N,23.20
126,T,S,22.73
137,D,E,20.00
139,L,F,16.54
142,S,P,16.59
143,S,E,15.12
144,Q,H,11.47
148,E,D,21.00
173,H,R,19.61
177,Q,H,11.46
178,A,T,14.21
181,S,R,19.23
182,T,I,20.32
184,K,Q,21.63
188,L,M,27.52
192,K,N,33.42
194,F,T,34.61
195,N,S,37.01
196,T,-,39.01
197,H,-,39.81
